{"cameraMode":{"drawMode":0,"name":"Shaded","section":"Shading Mode"},"sceneLighting":true,"audioPlay":false,"sceneViewState":{"m_AlwaysRefresh":false,"showFog":true,"showSkybox":false,"showFlares":true,"showImageEffects":true,"showParticleSystems":true,"showVisualEffectGraphs":true,"m_FxEnabled":true},"in2DMode":false,"pivot":{"x":3.0644235610961916,"y":1.8921104669570923,"z":0.6430314779281616},"rotation":{"x":0.07770813256502152,"y":0.8173325061798096,"z":-0.11351191252470017,"w":0.5595217347145081},"size":9.27698802947998,"orthographic":false}