{"cameraMode":{"drawMode":0,"name":"Shaded","section":"Shading Mode"},"sceneLighting":false,"audioPlay":false,"sceneViewState":{"m_AlwaysRefresh":false,"showFog":true,"showSkybox":false,"showFlares":true,"showImageEffects":true,"showParticleSystems":true,"showVisualEffectGraphs":true,"m_FxEnabled":true},"in2DMode":false,"pivot":{"x":-0.6581445932388306,"y":-0.7958552837371826,"z":0.4032334089279175},"rotation":{"x":0.17601078748703004,"y":0.027167102321982385,"z":-0.004859386011958122,"w":0.9840063452720642},"size":2.0346744060516359,"orthographic":false}