{"cameraMode":{"drawMode":0,"name":"Shaded","section":"Shading Mode"},"sceneLighting":false,"audioPlay":false,"sceneViewState":{"m_AlwaysRefresh":false,"showFog":true,"showSkybox":false,"showFlares":true,"showImageEffects":true,"showParticleSystems":true,"showVisualEffectGraphs":true,"m_FxEnabled":true},"in2DMode":false,"pivot":{"x":1.6414655447006226,"y":8.744726181030274,"z":-3.9185447692871095},"rotation":{"x":0.0006385704036802053,"y":-0.9984433054924011,"z":-0.054571010172367099,"w":-0.011686165817081929},"size":11.641514778137207,"orthographic":false}